,Month,MAE,RMSE,MAPE,R²,nRMSE
0,Mar,1615.166317320615,2633.784460690971,186.32866966381772,0.7454833991189784,12.842779907698842
1,Apr,1813.7169283301278,2633.2492422219166,310.961196898229,0.8339155100957706,12.840170091632572
2,May,2083.6061293984294,2998.741442956058,178.42403418718504,0.8013589461859458,14.622372075912493
3,Jun,2948.9946908313814,4057.0735787205467,161.23021436634278,0.7704250041162427,19.78297913838348
4,Jul,3082.1568621562724,4090.2573849050546,96.14955224764135,0.7702127257174692,19.944789007675357
5,Aug,2655.082076367164,3593.526474229998,150.4419798410969,0.8213295938649584,17.52264480629415
6,Sep,2484.7294244398595,3764.7137088201275,125.88477162166858,0.7919120403731227,18.357382807699118
